season,name,il_days
2017,Adam Liberatore,15.0
2017,Adrian Gonzalez,80.0
2017,Alex Wood,26.0
2017,Andre Ethier,155.0
2017,Andrew Toles,0.0
2017,Brandon McCarthy,85.0
2017,Brock Stewart,0.0
2017,Chris Hatcher,51.0
2017,Clayton Kershaw,39.0
2017,Cody Bellinger,10.0
2017,Franklin Gutierrez,21.0
2017,Grant Dayton,115.0
2017,Hyun-Jin Ryu,30.0
2017,Joc Pederson,11.0
2017,Josh Fields,10.0
2017,Josh Ravin,49.0
2017,Justin Turner,21.0
2017,Kenley Jansen,0.0
2017,Kenta Maeda,14.0
2017,Logan Forsythe,34.0
2017,Luis Avilan,16.0
2017,O'Koyea Dickson,34.0
2017,Pedro Baez,15.0
2017,Rich Hill,39.0
2017,Rob Segedin,0.0
2017,Scott Kazmir,221.0
2017,Sergio Romo,10.0
2017,Yimi Garcia,264.0
2017,Yu Darvish,10.0
2018,Alex Wood,10.0
2018,Brock Stewart,0.0
2018,Chase Utley,53.0
2018,Clayton Kershaw,50.0
2018,Corey Seager,186.0
2018,Daniel Hudson,76.0
2018,Dennis Santana,0.0
2018,Erik Goeddel,87.0
2018,Hyun-Jin Ryu,104.0
2018,JT Chargois,34.0
2018,John Axford,34.0
2018,Josh Fields,63.0
2018,Julio Urias,0.0
2018,Justin Turner,60.0
2018,Kenley Jansen,0.0
2018,Kenta Maeda,14.0
2018,Logan Forsythe,29.0
2018,Pedro Baez,0.0
2018,Rich Hill,53.0
2018,Ross Stripling,33.0
2018,Tom Koehler,221.0
2018,Tony Cingrani,112.0
2018,Walker Buehler,16.0
2018,Yasiel Puig,29.0
2018,Yimi Garcia,0.0
2018,Zac Rosscup,22.0
2019,A.J. Pollock,0.0
2019,Alex Verdugo,55.0
2019,Austin Barnes,0.0
2019,Caleb Ferguson,0.0
2019,Chris Taylor,36.0
2019,Clayton Kershaw,21.0
2019,Corey Seager,28.0
2019,David Freese,54.0
2019,Dylan Floro,11.0
2019,Enrique Hernandez,22.0
2019,Hyun-Jin Ryu,21.0
2019,Kenta Maeda,9.0
2019,Kristopher Negron,10.0
2019,Matt Beaty,0.0
2019,Max Muncy,15.0
2019,Rich Hill,118.0
2019,Ross Stripling,38.0
2019,Russell Martin,17.0
2019,Scott Alexander,0.0
2019,Tony Cingrani,0.0
2019,Tyler White,83.0
2019,Will Smith,0.0
2022,Andrew Heaney,36.0
2022,Blake Treinen,29.0
2022,Brusdar Graterol,64.0
2022,Caleb Ferguson,19.0
2022,Chris Taylor,0.0
2022,Clayton Kershaw,27.0
2022,Daniel Hudson,137.0
2022,Danny Duffy,0.0
2022,David Price,45.0
2022,Dustin May,169.0
2022,Edwin Rios,75.0
2022,Jacob Amaya,36.0
2022,Jimmy Nelson,0.0
2022,Justin Turner,10.0
2022,Kevin Pillar,0.0
2022,Michael Grove,15.0
2022,Mookie Betts,14.0
2022,Phil Bickford,8.0
2022,Tommy Kahnle,119.0
2022,Tony Gonsolin,38.0
2022,Victor Gonzalez,219.0
2022,Walker Buehler,151.0
2022,Yency Almonte,52.0
2022,Zach McKinstry,0.0
2023,Alex Reyes,224.0
2023,Blake Treinen,263.0
2023,Chris Taylor,22.0
2023,Clayton Kershaw,0.0
2023,Daniel Hudson,218.0
2023,Dustin May,172.0
2023,Gavin Lux,221.0
2023,Gus Varland,57.0
2023,J.D. Martinez,33.0
2023,Jake Marisnick,106.0
2023,Jimmy Nelson,169.0
2023,Joe Kelly,34.0
2023,Jonny Deluca,36.0
2023,Julio Urías,43.0
2023,Max Muncy,14.0
2023,Michael Grove,91.0
2023,Miguel Rojas,12.0
2023,Noah Syndergaard,0.0
2023,Phil Bickford,20.0
2023,Ryan Pepiot,128.0
2023,Shelby Miller,71.0
2023,Tony Gonsolin,109.0
2023,Trayce Thompson,0.0
2023,Tyler Cyr,0.0
2023,Walker Buehler,263.0
2023,Wander Suero,15.0
2023,Will Smith,15.0
2023,Yency Almonte,51.0
2023,Yoshinobu Yamamoto,0.0
2024,Anthony Banda,16.0
2024,Austin Barnes,20.0
2024,Blake Treinen,63.0
2024,Bobby Miller,70.0
2024,Brent Honeywell,0.0
2024,Brusdar Graterol,173.0
2024,Chris Taylor,28.0
2024,Clayton Kershaw,143.0
2024,Connor Brogdon,169.0
2024,Dustin May,270.0
2024,Emmet Sheehan,230.0
2024,Evan Phillips,26.0
2024,Gavin Stone,59.0
2024,Jason Heyward,60.0
2024,Joe Kelly,92.0
2024,Kyle Hurt,65.0
2024,Max Muncy,94.0
2024,Miguel Rojas,16.0
2024,Mookie Betts,0.0
2024,River Ryan,85.0
2024,Ryan Brasier,111.0
2024,Tommy Edman,21.0
2024,Tony Gonsolin,269.0
2024,Tyler Glasnow,83.0
2024,Walker Buehler,104.0
2025,Alex Vesia,17.0
2025,Blake Snell,0.0
2025,Blake Treinen,99.0
2025,Brock Stewart,48.0
2025,Brusdar Graterol,234.0
2025,Clayton Kershaw,60.0
2025,Dalton Rushing,10.0
2025,Edgardo Henriquez,104.0
2025,Emmet Sheehan,93.0
2025,Enrique Hernández,50.0
2025,Evan Phillips,216.0
2025,Freddie Freeman,11.0
2025,Gavin Stone,268.0
2025,Hyeseong Kim,34.0
2025,Kirby Yates,53.0
2025,Kyle Hurt,234.0
2025,Luis García,28.0
2025,Max Muncy,58.0
2025,Michael Grove,0.0
2025,Michael Kopech,157.0
2025,River Ryan,266.0
2025,Roki Sasaki,161.0
2025,Tanner Scott,31.0
2025,Teoscar Hernández,13.0
2025,Tommy Edman,55.0
2025,Tony Gonsolin,44.0
2025,Tyler Glasnow,72.0
2025,Will Smith,19.0
